{"model":{"id":4},"X":[[0],[1],[2],[3],[4],[5],[6],[7],[8],[9],[10],[11],[12],[13],[14],[15],[16],[17],[18],[19],[20],[21],[22],[23],[24],[25],[26],[27],[28],[29]],"Y":[0.21428082,0.27828761,1.26951803,-0.17731291,-0.54948729,-1.38866982,0.1718246 ,0.58322766,1.35428972,0.32340127,-0.53586293,-1.55266118,-0.43323112,0.387773,0.92343404,0.39667701,-0.62205495,-0.38808031,-0.82110509,0.15578875,0.80303761,0.11124067,0.18297225,-0.54597537,-1.01125463,-0.71385406,0.84737333,0.70815088,0.44572853,-0.40454806]}